{
  "episodes": [
    50,
    100,
    150,
    200,
    250,
    300,
    350,
    400
  ],
  "train_wins": [
    0.12,
    0.68,
    0.8,
    0.74,
    0.76,
    0.82,
    0.74,
    0.78
  ],
  "eval_wins": [
    0.25,
    0.15,
    0.05,
    0.2,
    0.05,
    0.1,
    0.15,
    0.0
  ],
  "epsilon": [
    0.1200171261768679,
    0.05,
    0.05,
    0.05,
    0.05,
    0.05,
    0.05,
    0.05
  ],
  "opponent_cheat_rates": [
    0.015732546705998034,
    0.0057255322955806045,
    0.003922850604772802,
    0.0034129692832764505,
    0.003071293210481605,
    0.0027548209366391185,
    0.002691914972616727,
    0.002508395031759518
  ],
  "opponent_challenge_rates": [
    0.43293308420351845,
    0.38859222457151704,
    0.3763505286416476,
    0.3696039769679633,
    0.3690568557161716,
    0.3648791532085771,
    0.3636744173204809,
    0.36207884714195976
  ]
}