{
  "episodes": [
    50,
    100,
    150,
    200,
    250,
    300,
    350,
    400
  ],
  "train_wins": [
    0.08,
    0.68,
    0.76,
    0.76,
    0.74,
    0.82,
    0.78,
    0.76
  ],
  "eval_wins": [
    0.0,
    0.2,
    0.25,
    0.1,
    0.05,
    0.2,
    0.1,
    0.2
  ],
  "epsilon": [
    0.17662360911443298,
    0.05,
    0.05,
    0.05,
    0.05,
    0.05,
    0.05,
    0.05
  ],
  "opponent_cheat_rates": [
    0.018002322880371662,
    0.006001091107474086,
    0.004420265215912955,
    0.0037425149700598802,
    0.003437107541807125,
    0.0030546009927453228,
    0.002703584580245187,
    0.002575107296137339
  ],
  "opponent_challenge_rates": [
    0.46693584190506887,
    0.38989639638264717,
    0.37455410114906096,
    0.37040363599209,
    0.36768820478430647,
    0.3648324345120868,
    0.36345287519866215,
    0.36291081207122083
  ]
}