{
  "episodes": [
    50,
    100,
    150,
    200,
    250,
    300,
    350,
    400,
    450,
    500,
    550,
    600,
    650,
    700,
    750,
    800,
    850,
    900,
    950,
    1000
  ],
  "train_wins": [
    0.02,
    0.44,
    0.74,
    0.78,
    0.84,
    0.82,
    0.78,
    0.76,
    0.84,
    0.82,
    0.84,
    0.84,
    0.8,
    0.82,
    0.82,
    0.86,
    0.82,
    0.82,
    0.8,
    0.82
  ],
  "eval_wins": [
    0.15,
    0.7,
    0.65,
    0.5,
    0.45,
    0.35,
    0.45,
    0.45,
    0.35,
    0.5,
    0.35,
    0.5,
    0.4,
    0.45,
    0.55,
    0.3,
    0.35,
    0.35,
    0.35,
    0.45
  ],
  "epsilon": [
    0.40135328970991313,
    0.05,
    0.05,
    0.05,
    0.05,
    0.05,
    0.05,
    0.05,
    0.05,
    0.05,
    0.05,
    0.05,
    0.05,
    0.05,
    0.05,
    0.05,
    0.05,
    0.05,
    0.05,
    0.05
  ],
  "opponent_cheat_rates": [
    0.07960199004975124,
    0.027474067844126718,
    0.017148526077097506,
    0.014735165272799682,
    0.013530722699777141,
    0.013086370042279041,
    0.012834036568213783,
    0.012686528362709925,
    0.012354345079320511,
    0.012273075939657376,
    0.011814542769422098,
    0.011344928781046454,
    0.011216193794591009,
    0.01121048382088069,
    0.01132361074724187,
    0.011201713203195783,
    0.011096385229074088,
    0.010939892329727861,
    0.01075646794150731,
    0.010676873489121677
  ],
  "opponent_challenge_rates": [
    0.9410348977135982,
    0.7655555555555557,
    0.7259133869375088,
    0.7129657228017884,
    0.7068253968253968,
    0.7029901665663255,
    0.7010688628000702,
    0.6988913066003523,
    0.6978132139693196,
    0.6969619823489478,
    0.6958589490778332,
    0.6948857376408287,
    0.694249464491679,
    0.6935970912676405,
    0.693623414521395,
    0.6930140046863932,
    0.6925754060324826,
    0.6923453886111929,
    0.6918357386878616,
    0.6915829841945423
  ]
}