{
  "episodes": [
    50,
    100,
    150,
    200,
    250,
    300,
    350,
    400
  ],
  "train_wins": [
    0.04,
    0.42,
    0.54,
    0.54,
    0.56,
    0.54,
    0.54,
    0.54
  ],
  "eval_wins": [
    0.1,
    0.7,
    0.5,
    0.45,
    0.35,
    0.5,
    0.15,
    0.35
  ],
  "epsilon": [
    0.14486795926386695,
    0.05,
    0.05,
    0.05,
    0.05,
    0.05,
    0.05,
    0.05
  ],
  "opponent_cheat_rates": [
    0.058865248226950356,
    0.01998001998001998,
    0.015274555297757154,
    0.01308160090510536,
    0.012101399403532921,
    0.012938372488934287,
    0.012552301255230125,
    0.012642130460801914
  ],
  "opponent_challenge_rates": [
    0.497218850213355,
    0.3902231997457048,
    0.3720993503678422,
    0.3650402959155641,
    0.3623978792423263,
    0.36171514583294345,
    0.3605114165551287,
    0.3611840503496862
  ]
}